A696;C181;ZAPATILLAS NEW GENERATION;NUEVA COLECCIÓN GUCCI;ROPA
A557;C61;ZAPATILLAS VERDE CASUAL;ZAPATILLAS COLECCION 2023 PABLOSKY;ROPA
A184;C815;BALÓN DE FÚBOL LA LIGA 2024-25;BALÓN DE JOMA;DEPORTES
A358;C773;LIBRO ENGLISH NIVEL B1;LIBRO B1 INGLÉS;EDUCACIÓN
A714;C815;ZAPATILLAS VITALIS 21;ZAPATILLAS DE LA MARCA JOMA COLECCION 2023;DEPORTES
A439;C40;GALLETAS CAMPURRIANA;GALLETAS DE LA ABUELA DE TODA LA VIDA;ALIMENTACIÓN
A404;C380;TOSTA RICA OCEANIX;GALLETAS TOSTA RICA DE CHOCOLATE;ALIMENTACIÓN
A141;C663;LIBRO DE GERÓNIMO STILSTON 7º GENERACIÓN;LIBROS DE GÉRONIMO STILTON DE LA ÚLTIMA GENERACIÓN;OCIO
A926;C181;ZAPATILLAS CROC AZULES;ZAPATILLAS DE LA MODALIDAD CROC;ROPA
A69;C987;AURICULARES GEAR LOGITECH;AURICULARES DE LA NUEVA COLECCIÓN 2023 (RGB);TECNOLOGÍA
