44373161C;JUAN;QUINTANA LUNA;1985-10-26;CALLE SAN JORGE 43
91549689Y;CARLOS;ALARCÓN CRESPO;1997-08-10;CALLE LILAS 35
24741099E;JULIA;FLORES PACEROS;1989-04-27;CALLE CELIO 53
17403653J;PEDRO;DÍAZ PESEROS;1988-05-17;CALLE RÍO ZÁNCARA 71
39510091R;CARLA;ALEGRÍA PONCE;1994-10-17;CALLE RÍO TAJO 68
27427023Y;JESÚS;AROCA PAMPAS;1990-09-03;CALLE CAPITOLIO 47
13773995P;PABLO;CORACHA DÍAZ;1975-07-27;CALLE SANTA MARÍA 19
58977763J;RUTH;PASTA FLORES;1993-12-03;CALLE NÁPOLES 79
61161629Y;MÓNICA;DÍAZ SANTONA;2004-04-16;CALLE LIRIOS 62
44466122S;NOÉ;PACHIGUA PACHECO;1981-06-19;CALLE FAIAL 51
25502655W;SERGIO;JARA OJAL;1983-12-12;CALLE JAZMÍN 46
43326064K;MARIO;ARROSCA ROJAS;1999-03-28;CALLE RÍO CIGÜELA 68
73831876J;SAMUEL;GONZÁLEZ OLARTE;1995-09-26;CALLE TULIPANES 53
75676166W;VÍCTOR;CORDERO ARCE;2000-04-28;CALLE RÍO ALBERCHE 41
12021866L;ALEJANDRO;PONCE BOA;1984-05-02;CALLE HORTENSIAS 58
92047205D;JOSÉ;PERALTA FLORES;1997-03-15;CALLE AMAPOLAS 4
59927372K;PABLO;ROBLE CARRASCO;1982-11-08;CALLE MALVAS 76
74237059M;JORGE;CHOCLA PEÑA;1975-12-07;CALLE VIMINAL 59
27954931H;MÁXIMO;RUEDA PEÑAS;1995-06-25;CALLE PALATINO 31
49685107R;JESÚS;BORDA LOZANO;2001-09-12;CALLE ROSAS 21
98365940T;LINA;BAYONA RICO;1994-12-22;CALLE GRACIOSA 41
16707190J;CARMEN;REINA FRÍAS;2001-10-17;CALLE RÍO CABRIEL 21
56257305H;PABLO;VALVERDE ALARCÓN;1985-08-07;CALLE ORQUÍDEAS 73
35104948W;MANUEL;MAZA BERROCAL;1996-04-28;CALLE PALERMO 61
99692759H;CESAR;IBAÑEZ QUESADA;1966-09-19;CALLE ATOCHA 52